{
  "auoir": {
    "Effectif": 1,
    "Fréquence": 0.005235602094240838
  },
  "eaett": {
    "Effectif": 1,
    "Fréquence": 0.005235602094240838
  },
  "noſtte": {
    "Effectif": 1,
    "Fréquence": 0.005235602094240838
  },
  "1": {
    "Effectif": 5,
    "Fréquence": 0.02617801047120419
  },
  "&": {
    "Effectif": 3,
    "Fréquence": 0.015706806282722512
  },
  "grands": {
    "Effectif": 1,
    "Fréquence": 0.005235602094240838
  },
  "entrepris": {
    "Effectif": 1,
    "Fréquence": 0.005235602094240838
  },
  "CONSEILLER": {
    "Effectif": 1,
    "Fréquence": 0.005235602094240838
  },
  "l": {
    "Effectif": 1,
    "Fréquence": 0.005235602094240838
  },
  "ortraicts": {
    "Effectif": 1,
    "Fréquence": 0.005235602094240838
  },
  "en": {
    "Effectif": 2,
    "Fréquence": 0.010471204188481676
  },
  "toute": {
    "Effectif": 2,
    "Fréquence": 0.010471204188481676
  },
  "éclatter": {
    "Effectif": 1,
    "Fréquence": 0.005235602094240838
  },
  "tant": {
    "Effectif": 1,
    "Fréquence": 0.005235602094240838
  },
  "aà": {
    "Effectif": 1,
    "Fréquence": 0.005235602094240838
  },
  "riches": {
    "Effectif": 1,
    "Fréquence": 0.005235602094240838
  },
  "bel": {
    "Effectif": 1,
    "Fréquence": 0.005235602094240838
  },
  "auec": {
    "Effectif": 1,
    "Fréquence": 0.005235602094240838
  },
  "EN": {
    "Effectif": 1,
    "Fréquence": 0.005235602094240838
  },
  "pesples": {
    "Effectif": 1,
    "Fréquence": 0.005235602094240838
  },
  "i’ay": {
    "Effectif": 1,
    "Fréquence": 0.005235602094240838
  },
  "DDLL?": {
    "Effectif": 1,
    "Fréquence": 0.005235602094240838
  },
  "luſtice": {
    "Effectif": 1,
    "Fréquence": 0.005235602094240838
  },
  "vs": {
    "Effectif": 1,
    "Fréquence": 0.005235602094240838
  },
  "rcrr": {
    "Effectif": 1,
    "Fréquence": 0.005235602094240838
  },
  "Les": {
    "Effectif": 1,
    "Fréquence": 0.005235602094240838
  },
  "IL": {
    "Effectif": 1,
    "Fréquence": 0.005235602094240838
  },
  "DE": {
    "Effectif": 1,
    "Fréquence": 0.005235602094240838
  },
  "plus": {
    "Effectif": 4,
    "Fréquence": 0.020942408376963352
  },
  "neur,": {
    "Effectif": 1,
    "Fréquence": 0.005235602094240838
  },
  "laiſſer": {
    "Effectif": 1,
    "Fréquence": 0.005235602094240838
  },
  "pourroisluy": {
    "Effectif": 1,
    "Fréquence": 0.005235602094240838
  },
  "DV": {
    "Effectif": 1,
    "Fréquence": 0.005235602094240838
  },
  "V": {
    "Effectif": 1,
    "Fréquence": 0.005235602094240838
  },
  "perſu": {
    "Effectif": 1,
    "Fréquence": 0.005235602094240838
  },
  "COVR": {
    "Effectif": 1,
    "Fréquence": 0.005235602094240838
  },
  "Siecle,": {
    "Effectif": 1,
    "Fréquence": 0.005235602094240838
  },
  "aujourd’huy": {
    "Effectif": 1,
    "Fréquence": 0.005235602094240838
  },
  "r": {
    "Effectif": 2,
    "Fréquence": 0.010471204188481676
  },
  "ROY": {
    "Effectif": 1,
    "Fréquence": 0.005235602094240838
  },
  "ſi": {
    "Effectif": 1,
    "Fréquence": 0.005235602094240838
  },
  "marques": {
    "Effectif": 1,
    "Fréquence": 0.005235602094240838
  },
  "ſont": {
    "Effectif": 1,
    "Fréquence": 0.005235602094240838
  },
  "cœurs": {
    "Effectif": 1,
    "Fréquence": 0.005235602094240838
  },
  "poſterité́": {
    "Effectif": 1,
    "Fréquence": 0.005235602094240838
  },
  "MONSIEVR": {
    "Effectif": 2,
    "Fréquence": 0.010471204188481676
  },
  "R": {
    "Effectif": 1,
    "Fréquence": 0.005235602094240838
  },
  "I": {
    "Effectif": 2,
    "Fréquence": 0.010471204188481676
  },
  "ſouueraine": {
    "Effectif": 1,
    "Fréquence": 0.005235602094240838
  },
  "illuſtres": {
    "Effectif": 1,
    "Fréquence": 0.005235602094240838
  },
  "Apres": {
    "Effectif": 1,
    "Fréquence": 0.005235602094240838
  },
  "l’vn": {
    "Effectif": 1,
    "Fréquence": 0.005235602094240838
  },
  "Vous": {
    "Effectif": 1,
    "Fréquence": 0.005235602094240838
  },
  "ne": {
    "Effectif": 1,
    "Fréquence": 0.005235602094240838
  },
  "repreſenter": {
    "Effectif": 1,
    "Fréquence": 0.005235602094240838
  },
  "que": {
    "Effectif": 4,
    "Fréquence": 0.020942408376963352
  },
  "creu": {
    "Effectif": 1,
    "Fréquence": 0.005235602094240838
  },
  "SA": {
    "Effectif": 1,
    "Fréquence": 0.005235602094240838
  },
  "quelques": {
    "Effectif": 1,
    "Fréquence": 0.005235602094240838
  },
  "1L": {
    "Effectif": 2,
    "Fréquence": 0.010471204188481676
  },
  "d’hon¬": {
    "Effectif": 1,
    "Fréquence": 0.005235602094240838
  },
  "tee’&o?": {
    "Effectif": 1,
    "Fréquence": 0.005235602094240838
  },
  "des": {
    "Effectif": 5,
    "Fréquence": 0.02617801047120419
  },
  "hommesde": {
    "Effectif": 1,
    "Fréquence": 0.005235602094240838
  },
  "amensa": {
    "Effectif": 1,
    "Fréquence": 0.005235602094240838
  },
  "P": {
    "Effectif": 1,
    "Fréquence": 0.005235602094240838
  },
  "L": {
    "Effectif": 2,
    "Fréquence": 0.010471204188481676
  },
  "France": {
    "Effectif": 1,
    "Fréquence": 0.005235602094240838
  },
  "fait": {
    "Effectif": 1,
    "Fréquence": 0.005235602094240838
  },
  "ſes": {
    "Effectif": 1,
    "Fréquence": 0.005235602094240838
  },
  "Mosev.": {
    "Effectif": 1,
    "Fréquence": 0.005235602094240838
  },
  "voſtres.": {
    "Effectif": 1,
    "Fréquence": 0.005235602094240838
  },
  "les": {
    "Effectif": 2,
    "Fréquence": 0.010471204188481676
  },
  "A¬¬": {
    "Effectif": 1,
    "Fréquence": 0.005235602094240838
  },
  "la": {
    "Effectif": 7,
    "Fréquence": 0.03664921465968586
  },
  "ie": {
    "Effectif": 1,
    "Fréquence": 0.005235602094240838
  },
  "auez": {
    "Effectif": 1,
    "Fréquence": 0.005235602094240838
  },
  "PARLEMENT.": {
    "Effectif": 1,
    "Fréquence": 0.005235602094240838
  },
  "de": {
    "Effectif": 7,
    "Fréquence": 0.03664921465968586
  },
  "4": {
    "Effectif": 1,
    "Fréquence": 0.005235602094240838
  },
  "T1": {
    "Effectif": 1,
    "Fréquence": 0.005235602094240838
  },
  "ariſtrature": {
    "Effectif": 1,
    "Fréquence": 0.005235602094240838
  },
  "regarde": {
    "Effectif": 1,
    "Fréquence": 0.005235602094240838
  },
  "A": {
    "Effectif": 1,
    "Fréquence": 0.005235602094240838
  },
  "actons": {
    "Effectif": 1,
    "Fréquence": 0.005235602094240838
  },
  "comme": {
    "Effectif": 1,
    "Fréquence": 0.005235602094240838
  },
  "or¬": {
    "Effectif": 1,
    "Fréquence": 0.005235602094240838
  },
  "maxime": {
    "Effectif": 1,
    "Fréquence": 0.005235602094240838
  },
  "le": {
    "Effectif": 1,
    "Fréquence": 0.005235602094240838
  },
  "com": {
    "Effectif": 1,
    "Fréquence": 0.005235602094240838
  },
  "l’obliger": {
    "Effectif": 1,
    "Fréquence": 0.005235602094240838
  },
  "oracle.": {
    "Effectif": 1,
    "Fréquence": 0.005235602094240838
  },
  "tres-humble": {
    "Effectif": 1,
    "Fréquence": 0.005235602094240838
  },
  "Monarchie,": {
    "Effectif": 1,
    "Fréquence": 0.005235602094240838
  },
  "leſuis,": {
    "Effectif": 1,
    "Fréquence": 0.005235602094240838
  },
  "vous": {
    "Effectif": 1,
    "Fréquence": 0.005235602094240838
  },
  "à": {
    "Effectif": 1,
    "Fréquence": 0.005235602094240838
  },
  "V’oflre": {
    "Effectif": 1,
    "Fréquence": 0.005235602094240838
  },
  "ſainctes": {
    "Effectif": 1,
    "Fréquence": 0.005235602094240838
  },
  "aſez": {
    "Effectif": 1,
    "Fréquence": 0.005235602094240838
  },
  "eſtimer": {
    "Effectif": 1,
    "Fréquence": 0.005235602094240838
  },
  "vie": {
    "Effectif": 1,
    "Fréquence": 0.005235602094240838
  },
  "pour": {
    "Effectif": 1,
    "Fréquence": 0.005235602094240838
  },
  "sde": {
    "Effectif": 1,
    "Fréquence": 0.005235602094240838
  },
  "abregé": {
    "Effectif": 1,
    "Fréquence": 0.005235602094240838
  },
  "Sraitear,": {
    "Effectif": 1,
    "Fréquence": 0.005235602094240838
  },
  "ſa": {
    "Effectif": 1,